{
  "best_deployable": {
    "claim_supported": 0,
    "constraint_rate": 0.0,
    "gap_vehicle_over_seen": 1.120946240857456,
    "held_out_road_ratio": 0.7214529127772072,
    "held_out_vehicle_ratio": 0.6761696524004814,
    "held_out_vehicle_vs_black_box": 1.2836539615490097,
    "label": "Final single",
    "passed": 1,
    "run_id": "R035",
    "seen_ratio": 0.6032132744236268,
    "status": "success",
    "uncertainty_ood_lift": 1.2364911161267285,
    "variant": "E2+T1+F1+S1+M0-fixed+V2-small+U0"
  },
  "rows": [
    {
      "claim_supported": 0,
      "constraint_rate": 0.0,
      "gap_vehicle_over_seen": 1.0553610783179193,
      "held_out_road_ratio": 0.7829694964703807,
      "held_out_vehicle_ratio": 0.7427543756844495,
      "held_out_vehicle_vs_black_box": 1.3975716581949837,
      "label": "Base",
      "passed": 1,
      "run_id": "R034",
      "seen_ratio": 0.7037917078278877,
      "status": "success",
      "uncertainty_ood_lift": 1.1410741445502577,
      "variant": "E1+T1+F1+S1+M1a+V1+U0"
    },
    {
      "claim_supported": 0,
      "constraint_rate": 0.0,
      "gap_vehicle_over_seen": 1.120946240857456,
      "held_out_road_ratio": 0.7214529127772072,
      "held_out_vehicle_ratio": 0.6761696524004814,
      "held_out_vehicle_vs_black_box": 1.2836539615490097,
      "label": "Final single",
      "passed": 1,
      "run_id": "R035",
      "seen_ratio": 0.6032132744236268,
      "status": "success",
      "uncertainty_ood_lift": 1.2364911161267285,
      "variant": "E2+T1+F1+S1+M0-fixed+V2-small+U0"
    },
    {
      "claim_supported": 0,
      "constraint_rate": 0.0,
      "gap_vehicle_over_seen": 1.131459482192669,
      "held_out_road_ratio": 0.728261413015709,
      "held_out_vehicle_ratio": 0.6748622582366451,
      "held_out_vehicle_vs_black_box": 1.246397391148283,
      "label": "Final + U1",
      "passed": 1,
      "run_id": "R036",
      "seen_ratio": 0.5964528724694776,
      "status": "success",
      "uncertainty_ood_lift": 1.2968954807937014,
      "variant": "E2+T1+F1+S1+M0-fixed+V2-small+U1"
    }
  ]
}